{"count":1,"self":9.3793119999999988,"total":9.8259537,"children":{"InitializeActuators":{"count":5,"self":0.00097569999999999992,"total":0.00097569999999999992,"children":null},"InitializeSensors":{"count":5,"self":0.0019517999999999998,"total":0.0019517999999999998,"children":null},"AgentSendState":{"count":203,"self":0.25488489999999997,"total":0.2831885,"children":{"CollectObservations":{"count":1015,"self":0.0068306999999999994,"total":0.0068306999999999994,"children":null},"WriteActionMask":{"count":1015,"self":0.0019521999999999999,"total":0.0019521999999999999,"children":null},"RequestDecision":{"count":1015,"self":0.0175686,"total":0.0195207,"children":{"RayPerceptionSensor.Perceive":{"count":812,"self":0.0019521,"total":0.0019521,"children":null}}}}},"DecideAction":{"count":203,"self":0.15662289999999998,"total":0.1575981,"children":{"RayPerceptionSensor.Perceive":{"count":203,"self":0.0009752,"total":0.0009752,"children":null}}},"AgentAct":{"count":203,"self":0.0019517999999999998,"total":0.0019517999999999998,"children":null},"RayPerceptionSensor.Perceive":{"count":8,"self":0,"total":0,"children":null}},"gauges":{"Basic.CumulativeReward":{"count":8,"max":6.19999552,"min":5.19999647,"runningAverage":5.699996,"value":5.19999647,"weightedAverage":5.51640224}},"metadata":{"timer_format_version":"0.1.0","start_time_seconds":"1694491943","unity_version":"2022.3.7f1","command_line_arguments":"C:\\Program Files\\Unity\\Hub\\Editor\\2022.3.7f1\\Editor\\Unity.exe -projectpath C:\\Users\\marco\\Desktop\\Unity Proj\\SquareSprint\\SquareSprint -useHub -hubIPC -cloudEnvironment production","communication_protocol_version":"1.5.0","com.unity.ml-agents_version":"2.3.0-exp.3","scene_name":"SampleScene","end_time_seconds":"1694491953"}}