{
    "name": "root",
    "gauges": {
        "Basic.Policy.Entropy.mean": {
            "value": 0.0018815930234268308,
            "min": 0.0017152897780761123,
            "max": 0.6626389622688293,
            "count": 250
        },
        "Basic.Policy.Entropy.sum": {
            "value": 37.763572692871094,
            "min": 34.425865173339844,
            "max": 13441.6318359375,
            "count": 250
        },
        "Basic.Environment.EpisodeLength.mean": {
            "value": 80.39430894308943,
            "min": 76.0926640926641,
            "max": 382.9807692307692,
            "count": 250
        },
        "Basic.Environment.EpisodeLength.sum": {
            "value": 19777.0,
            "min": 19415.0,
            "max": 20316.0,
            "count": 250
        },
        "Basic.Step.mean": {
            "value": 4999681.0,
            "min": 19862.0,
            "max": 4999681.0,
            "count": 250
        },
        "Basic.Step.sum": {
            "value": 4999681.0,
            "min": 19862.0,
            "max": 4999681.0,
            "count": 250
        },
        "Basic.Policy.ExtrinsicValueEstimate.mean": {
            "value": 0.408258318901062,
            "min": 0.07024478167295456,
            "max": 0.4863334596157074,
            "count": 250
        },
        "Basic.Policy.ExtrinsicValueEstimate.sum": {
            "value": 100.43154907226562,
            "min": 9.974759101867676,
            "max": 105.28691101074219,
            "count": 250
        },
        "Basic.Policy.GailValueEstimate.mean": {
            "value": 2.4204816818237305,
            "min": 1.9567798376083374,
            "max": 10.122384071350098,
            "count": 250
        },
        "Basic.Policy.GailValueEstimate.sum": {
            "value": 595.4384765625,
            "min": 277.86273193359375,
            "max": 1263.49853515625,
            "count": 250
        },
        "Basic.Environment.CumulativeReward.mean": {
            "value": 7.0052854956650155,
            "min": 6.709267281197213,
            "max": 37.39616060256958,
            "count": 250
        },
        "Basic.Environment.CumulativeReward.sum": {
            "value": 1723.3002319335938,
            "min": 1723.3002319335938,
            "max": 1989.8003759384155,
            "count": 250
        },
        "Basic.Policy.ExtrinsicReward.mean": {
            "value": 7.0052854956650155,
            "min": 6.709267281197213,
            "max": 37.39616060256958,
            "count": 250
        },
        "Basic.Policy.ExtrinsicReward.sum": {
            "value": 1723.3002319335938,
            "min": 1723.3002319335938,
            "max": 1989.8003759384155,
            "count": 250
        },
        "Basic.Policy.GailReward.mean": {
            "value": 6.127898997407619,
            "min": 5.324736187624377,
            "max": 47.46975824182684,
            "count": 250
        },
        "Basic.Policy.GailReward.sum": {
            "value": 1507.4631533622742,
            "min": 1373.7819364070892,
            "max": 3529.844024658203,
            "count": 250
        },
        "Basic.Losses.PolicyLoss.mean": {
            "value": 0.044930028385715554,
            "min": 0.04083013991670062,
            "max": 0.056891320110298696,
            "count": 250
        },
        "Basic.Losses.PolicyLoss.sum": {
            "value": 0.08986005677143111,
            "min": 0.04083013991670062,
            "max": 0.11241360085938747,
            "count": 250
        },
        "Basic.Losses.ValueLoss.mean": {
            "value": 5.719345165292422,
            "min": 0.325813062209636,
            "max": 24.29749728043874,
            "count": 250
        },
        "Basic.Losses.ValueLoss.sum": {
            "value": 11.438690330584844,
            "min": 0.651626124419272,
            "max": 48.59499456087748,
            "count": 250
        },
        "Basic.Policy.LearningRate.mean": {
            "value": 5.970698010099967e-07,
            "min": 5.970698010099967e-07,
            "max": 0.00029938302020566,
            "count": 250
        },
        "Basic.Policy.LearningRate.sum": {
            "value": 1.1941396020199934e-06,
            "min": 1.1941396020199934e-06,
            "max": 0.000596892001036,
            "count": 250
        },
        "Basic.Policy.Epsilon.mean": {
            "value": 0.10019898999999999,
            "min": 0.10019898999999999,
            "max": 0.19979434,
            "count": 250
        },
        "Basic.Policy.Epsilon.sum": {
            "value": 0.20039797999999998,
            "min": 0.10380314000000004,
            "max": 0.398964,
            "count": 250
        },
        "Basic.Policy.Beta.mean": {
            "value": 1.9929600999999945e-05,
            "min": 1.9929600999999945e-05,
            "max": 0.0049897375660000005,
            "count": 250
        },
        "Basic.Policy.Beta.sum": {
            "value": 3.985920199999989e-05,
            "min": 3.985920199999989e-05,
            "max": 0.0099483036,
            "count": 250
        },
        "Basic.Policy.GAILPolicyEstimate.mean": {
            "value": 0.2481442517290513,
            "min": 0.19716467323402564,
            "max": 0.4094457492232323,
            "count": 250
        },
        "Basic.Policy.GAILPolicyEstimate.sum": {
            "value": 0.4962885034581026,
            "min": 0.19716467323402564,
            "max": 0.8188914984464646,
            "count": 250
        },
        "Basic.Policy.GAILExpertEstimate.mean": {
            "value": 0.7537679749230544,
            "min": 0.5489264058570067,
            "max": 0.7994765256841977,
            "count": 250
        },
        "Basic.Policy.GAILExpertEstimate.sum": {
            "value": 1.5075359498461087,
            "min": 0.5489264058570067,
            "max": 1.5926347792148592,
            "count": 250
        },
        "Basic.Losses.GAILLoss.mean": {
            "value": 0.7660824574530125,
            "min": 0.6363560810685158,
            "max": 1.2026094893614452,
            "count": 250
        },
        "Basic.Losses.GAILLoss.sum": {
            "value": 1.532164914906025,
            "min": 0.6363560810685158,
            "max": 2.239175404111544,
            "count": 250
        },
        "Basic.Policy.GAILGradMagLoss.mean": {
            "value": 0.0061734262160219565,
            "min": 0.005467492163491745,
            "max": 3.9504373107105493,
            "count": 250
        },
        "Basic.Policy.GAILGradMagLoss.sum": {
            "value": 0.012346852432043913,
            "min": 0.006175485951825976,
            "max": 3.9504373107105493,
            "count": 250
        },
        "Basic.Losses.PretrainingLoss.mean": {
            "value": 0.017085567698813975,
            "min": 0.017085567698813975,
            "max": 0.50370500360926,
            "count": 250
        },
        "Basic.Losses.PretrainingLoss.sum": {
            "value": 0.03417113539762795,
            "min": 0.017922112679419417,
            "max": 0.5379009631772836,
            "count": 250
        },
        "Basic.IsTraining.mean": {
            "value": 1.0,
            "min": 1.0,
            "max": 1.0,
            "count": 250
        },
        "Basic.IsTraining.sum": {
            "value": 1.0,
            "min": 1.0,
            "max": 1.0,
            "count": 250
        }
    },
    "metadata": {
        "timer_format_version": "0.1.0",
        "start_time_seconds": "1694083635",
        "python_version": "3.9.13 (main, Oct 13 2022, 21:23:06) [MSC v.1916 64 bit (AMD64)]",
        "command_line_arguments": "\\\\?\\C:\\Users\\marco\\anaconda3\\envs\\mlagents20\\Scripts\\mlagents-learn TrainerConfig/Basic.yaml --run-id=firstMLGDash2",
        "mlagents_version": "0.30.0",
        "mlagents_envs_version": "0.30.0",
        "communication_protocol_version": "1.5.0",
        "pytorch_version": "1.7.1+cu110",
        "numpy_version": "1.21.2",